file,class,type,cbo,cboModified,fanin,fanout,wmc,dit,noc,rfc,lcom,lcom*,tcc,lcc,totalMethodsQty,staticMethodsQty,publicMethodsQty,privateMethodsQty,protectedMethodsQty,defaultMethodsQty,visibleMethodsQty,abstractMethodsQty,finalMethodsQty,synchronizedMethodsQty,totalFieldsQty,staticFieldsQty,publicFieldsQty,privateFieldsQty,protectedFieldsQty,defaultFieldsQty,finalFieldsQty,synchronizedFieldsQty,nosi,loc,returnQty,loopQty,comparisonsQty,tryCatchQty,parenthesizedExpsQty,stringLiteralsQty,numbersQty,assignmentsQty,mathOperationsQty,variablesQty,maxNestedBlocksQty,anonymousClassesQty,innerClassesQty,lambdasQty,uniqueWordsQty,modifiers,logStatementsQty
F:\Project\qmood-logback-llm-analysis\versions\logback\logback-classic\src\main\java\ch\qos\logback\classic\turbo\MatchingFilter.java,ch.qos.logback.classic.turbo.MatchingFilter,class,2,4,2,2,8,3,2,1,1,0.5,0.0,0.0,2,0,2,0,0,0,2,0,2,0,2,0,0,0,2,0,0,0,0,26,0,0,0,0,0,6,0,8,0,2,1,0,0,0,22,1025,0
F:\Project\qmood-logback-llm-analysis\versions\logback\logback-classic\src\main\java\ch\qos\logback\classic\spi\ILoggingEvent.java,ch.qos.logback.classic.spi.ILoggingEvent,interface,7,67,60,7,22,1,0,5,190,0.0,0.0,0.0,20,0,0,0,0,20,20,0,0,0,0,0,0,0,0,0,0,0,1,28,3,0,1,0,0,0,1,1,0,1,1,0,0,0,158,1,0
F:\Project\qmood-logback-llm-analysis\versions\logback\logback-classic\src\main\java\ch\qos\logback\classic\filter\ThresholdFilter.java,ch.qos.logback.classic.filter.ThresholdFilter,class,4,4,0,4,6,2,0,5,0,0.0,1.0,1.0,3,0,3,0,0,0,3,0,0,0,1,0,0,0,0,1,0,0,1,22,3,0,1,0,0,0,0,1,0,1,1,0,0,0,50,1,0
F:\Project\qmood-logback-llm-analysis\versions\logback\logback-classic\src\main\java\ch\qos\logback\classic\layout\TTLLLayout.java,ch.qos.logback.classic.layout.TTLLLayout,class,8,10,2,8,9,2,0,22,0,0.44444445,1.0,1.0,3,0,2,1,0,0,2,0,0,0,3,1,0,0,0,3,1,0,2,50,3,1,3,0,0,6,2,11,0,11,2,0,0,0,99,1,0
F:\Project\qmood-logback-llm-analysis\versions\logback\logback-classic\src\main\java\ch\qos\logback\classic\encoder\JsonEncoder.java,ch.qos.logback.classic.encoder.JsonEncoder,class,10,11,1,10,90,2,0,64,401,0.93714267,0.19556452,0.7641129,35,0,17,3,14,1,32,0,0,0,55,41,23,17,10,5,38,0,0,350,18,8,24,0,0,29,17,99,2,81,3,0,0,0,296,1,0
F:\Project\qmood-logback-llm-analysis\versions\logback\logback-classic\src\main\java\ch\qos\logback\classic\tyler\TylerConfiguratorBase.java,ch.qos.logback.classic.tyler.TylerConfiguratorBase,class,15,17,2,15,22,2,0,23,85,0.9428572,0.10989011,0.10989011,15,0,10,1,4,0,14,0,0,0,7,5,5,0,2,0,5,0,1,87,12,0,4,1,2,11,0,19,2,19,1,0,0,1,124,1,0
F:\Project\qmood-logback-llm-analysis\versions\logback\logback-classic\src\main\java\ch\qos\logback\classic\spi\STEUtil.java,ch.qos.logback.classic.spi.STEUtil,class,1,2,1,1,10,1,0,1,1,0.0,0.0,0.0,2,2,0,0,0,2,2,0,0,0,0,0,0,0,0,0,0,0,0,40,4,2,2,0,0,0,12,6,4,6,2,0,0,0,20,1,0
F:\Project\qmood-logback-llm-analysis\versions\logback\logback-classic\src\main\java\ch\qos\logback\classic\pattern\FileOfCallerConverter.java,ch.qos.logback.classic.pattern.FileOfCallerConverter,class,2,3,1,2,3,3,0,2,0,0.0,NaN,NaN,1,0,1,0,0,0,1,0,0,0,0,0,0,0,0,0,0,0,0,11,2,0,1,0,0,0,2,1,0,1,1,0,0,0,12,1,0
F:\Project\qmood-logback-llm-analysis\versions\logback\logback-classic\src\main\java\ch\qos\logback\classic\pattern\LevelConverter.java,ch.qos.logback.classic.pattern.LevelConverter,class,3,4,1,3,1,3,0,2,0,0.0,NaN,NaN,1,0,1,0,0,0,1,0,0,0,0,0,0,0,0,0,0,0,0,5,1,0,0,0,0,0,0,0,0,0,0,0,0,0,14,1,0
F:\Project\qmood-logback-llm-analysis\versions\logback\logback-classic\src\main\java\ch\qos\logback\classic\pattern\LineSeparatorConverter.java,ch.qos.logback.classic.pattern.LineSeparatorConverter,class,2,2,0,2,1,3,0,0,0,0.0,NaN,NaN,1,0,1,0,0,0,1,0,0,0,0,0,0,0,0,0,0,0,0,5,1,0,0,0,0,0,0,0,0,0,0,0,0,0,9,1,0
F:\Project\qmood-logback-llm-analysis\versions\logback\logback-classic\src\main\java\ch\qos\logback\classic\selector\ContextJNDISelector.java,ch.qos.logback.classic.selector.ContextJNDISelector,class,8,11,3,8,25,1,0,29,38,0.6923077,0.5555556,1.0,13,0,9,4,0,0,9,0,0,0,3,1,0,3,0,0,3,0,1,115,13,0,7,4,0,10,0,20,4,16,4,0,0,0,114,1,0
F:\Project\qmood-logback-llm-analysis\versions\logback\logback-classic\src\main\java\ch\qos\logback\classic\gaffer\GafferUtil.DISABLEDjava,ch.qos.logback.classic.gaffer.GafferUtil,class,5,6,1,5,13,1,0,8,10,0.8,0.0,0.0,5,5,2,3,0,0,2,0,0,0,1,1,0,1,0,0,0,0,9,48,3,0,3,1,0,1,0,6,1,6,1,0,0,0,54,1,0
F:\Project\qmood-logback-llm-analysis\versions\logback\logback-classic\src\main\java\ch\qos\logback\classic\tyler\VariableModelHelper.java,ch.qos.logback.classic.tyler.VariableModelHelper,class,9,10,1,9,18,2,0,25,2,0.5,0.4,0.6,5,0,2,0,0,3,5,0,0,0,2,0,0,0,0,2,0,0,0,81,0,0,1,2,0,8,0,16,4,11,3,0,0,0,51,1,0
F:\Project\qmood-logback-llm-analysis\versions\logback\logback-classic\src\main\java\ch\qos\logback\classic\ClassicConstants.java,ch.qos.logback.classic.ClassicConstants,class,1,3,2,1,0,1,0,1,0,NaN,-1.0,-1.0,0,0,0,0,0,0,0,0,0,0,22,22,22,0,0,0,22,0,0,24,0,0,0,0,0,19,2,22,2,22,0,0,0,0,80,1,0
F:\Project\qmood-logback-llm-analysis\versions\logback\logback-classic\src\main\java\ch\qos\logback\classic\pattern\PropertyConverter.java,ch.qos.logback.classic.pattern.PropertyConverter,class,3,4,1,3,6,3,0,6,0,0.0,1.0,1.0,3,0,3,0,0,0,3,0,0,0,1,0,0,0,0,1,0,0,1,29,4,0,3,0,0,1,0,5,0,5,2,0,0,0,24,17,0
F:\Project\qmood-logback-llm-analysis\versions\logback\logback-classic\src\main\java\ch\qos\logback\classic\helpers\MDCInsertingServletFilter.java,ch.qos.logback.classic.helpers.MDCInsertingServletFilter,class,7,8,1,7,7,1,0,12,10,0.0,0.0,0.0,5,0,3,0,0,2,5,0,0,0,0,0,0,0,0,0,0,0,0,39,0,0,1,1,0,2,0,2,0,2,2,0,0,0,50,1,0
F:\Project\qmood-logback-llm-analysis\versions\logback\logback-classic\src\main\java\ch\qos\logback\classic\boolex\MarkerList.java,ch.qos.logback.classic.boolex.MarkerList,class,1,1,0,1,9,1,0,7,0,0.0,1.0,1.0,3,0,3,0,0,0,3,0,0,0,1,0,0,0,0,1,0,0,0,20,5,0,4,0,0,0,2,2,0,3,1,0,0,1,32,1,0
F:\Project\qmood-logback-llm-analysis\versions\logback\logback-classic\src\main\java\ch\qos\logback\classic\filter\LevelFilter.java,ch.qos.logback.classic.filter.LevelFilter,class,4,4,0,4,6,2,0,4,0,0.0,1.0,1.0,3,0,3,0,0,0,3,0,0,0,1,0,0,0,0,1,0,0,0,22,3,0,1,0,0,0,0,1,0,1,1,0,0,0,41,1,0
F:\Project\qmood-logback-llm-analysis\versions\logback\logback-classic\src\main\java\ch\qos\logback\classic\pattern\MicrosecondConverter.java,ch.qos.logback.classic.pattern.MicrosecondConverter,class,2,3,1,2,3,3,0,2,0,0.0,NaN,NaN,1,0,1,0,0,0,1,0,0,0,0,0,0,0,0,0,0,0,3,10,3,0,0,0,0,2,4,3,4,3,2,0,0,0,18,1,0
F:\Project\qmood-logback-llm-analysis\versions\logback\logback-classic\src\main\java\ch\qos\logback\classic\html\DefaultCssBuilder.java,ch.qos.logback.classic.html.DefaultCssBuilder,class,1,2,1,1,1,1,0,2,0,0.0,NaN,NaN,1,0,1,0,0,0,1,0,0,0,0,0,0,0,0,0,0,0,0,30,0,0,0,0,0,13,0,0,0,0,0,0,0,0,57,1,0
F:\Project\qmood-logback-llm-analysis\versions\logback\logback-classic\src\main\java\ch\qos\logback\classic\joran\action\LoggerAction.java,ch.qos.logback.classic.joran.action.LoggerAction,class,6,6,0,6,2,2,0,6,1,0.0,0.0,0.0,2,0,0,0,2,0,2,0,0,0,0,0,0,0,0,0,0,0,0,17,2,0,0,0,0,0,0,5,0,5,0,0,0,0,41,1,0
F:\Project\qmood-logback-llm-analysis\versions\logback\logback-classic\src\main\java\ch\qos\logback\classic\spi\IThrowableProxy.java,ch.qos.logback.classic.spi.IThrowableProxy,interface,2,19,17,2,8,1,0,0,28,0.0,0.0,0.0,8,0,0,0,0,8,8,0,0,0,0,0,0,0,0,0,0,0,0,12,1,0,0,0,0,0,0,0,0,0,0,0,0,0,47,1,0
F:\Project\qmood-logback-llm-analysis\versions\logback\logback-classic\src\main\java\ch\qos\logback\classic\joran\action\LoggerContextListenerAction.java,ch.qos.logback.classic.joran.action.LoggerContextListenerAction,class,7,7,0,7,2,2,0,4,1,1.0,0.0,0.0,2,0,0,0,2,0,2,0,0,0,2,0,0,0,0,2,0,0,0,14,2,0,0,0,0,0,0,3,0,4,0,0,0,0,34,1,0
F:\Project\qmood-logback-llm-analysis\versions\logback\logback-classic\src\main\java\ch\qos\logback\classic\net\SSLSocketAppender.java,ch.qos.logback.classic.net.SSLSocketAppender,class,4,4,0,4,5,2,0,1,4,0.625,0.16666667,0.16666667,4,0,3,0,1,0,4,0,0,0,2,0,0,2,0,0,1,0,0,17,1,0,0,0,0,0,0,2,0,2,1,0,0,0,38,1,0
F:\Project\qmood-logback-llm-analysis\versions\logback\logback-classic\src\main\java\ch\qos\logback\classic\pattern\RootCauseFirstThrowableProxyConverter.java,ch.qos.logback.classic.pattern.RootCauseFirstThrowableProxyConverter,class,5,6,1,5,6,6,0,9,1,0.0,0.0,0.0,2,0,0,0,2,0,2,0,0,0,0,0,0,0,0,0,0,0,2,26,1,1,3,0,0,0,1,3,2,2,2,0,0,0,37,1,0
F:\Project\qmood-logback-llm-analysis\versions\logback\logback-classic\src\main\java\ch\qos\logback\classic\pattern\NamedConverter.java,ch.qos.logback.classic.pattern.NamedConverter,class,8,12,4,8,16,6,2,14,3,0.8333333,0.1,0.1,7,0,4,2,1,0,5,1,0,1,12,7,0,12,0,0,8,0,1,122,7,0,4,1,1,5,10,23,3,18,3,0,2,0,161,1025,0
F:\Project\qmood-logback-llm-analysis\versions\logback\logback-classic\src\main\java\ch\qos\logback\classic\util\ContextInitializer.java,ch.qos.logback.classic.util.ContextInitializer,class,9,13,4,9,25,1,0,30,0,0.78571427,0.33333334,0.33333334,10,0,3,7,0,0,3,0,0,0,7,3,3,0,0,4,5,0,5,114,10,3,5,4,0,19,3,19,6,18,2,1,0,0,127,1,0
F:\Project\qmood-logback-llm-analysis\versions\logback\logback-classic\src\main\java\ch\qos\logback\classic\spi\LoggerRemoteView.java,ch.qos.logback.classic.spi.LoggerRemoteView,class,2,3,1,2,4,1,0,1,0,0.5555556,0.6666667,1.0,3,0,3,0,0,0,3,0,0,0,3,1,0,1,0,2,3,0,0,16,2,0,1,0,0,0,1,3,0,3,0,0,0,0,46,1,0
F:\Project\qmood-logback-llm-analysis\versions\logback\logback-classic\src\main\java\ch\qos\logback\classic\spi\PlatformInfo.java,ch.qos.logback.classic.spi.PlatformInfo,class,0,0,0,0,4,1,0,1,0,0.0,NaN,NaN,1,1,1,0,0,0,1,0,0,0,2,2,0,2,0,0,1,0,1,16,1,0,2,1,1,1,4,4,0,2,2,0,0,0,27,1,0
F:\Project\qmood-logback-llm-analysis\versions\logback\logback-classic\src\main\java\ch\qos\logback\classic\turbo\DynamicThresholdFilter.java,ch.qos.logback.classic.turbo.DynamicThresholdFilter,class,6,6,0,6,17,3,0,10,23,0.7272727,0.29090908,1.0,11,0,11,0,0,0,11,0,0,0,5,0,0,5,0,0,0,0,0,64,7,0,3,0,0,2,0,12,1,7,1,0,0,0,202,1,0
F:\Project\qmood-logback-llm-analysis\versions\logback\logback-classic\src\main\java\ch\qos\logback\classic\pattern\ExtendedThrowableProxyConverter.java,ch.qos.logback.classic.pattern.ExtendedThrowableProxyConverter,class,4,6,2,4,2,5,1,1,1,0.0,0.0,0.0,2,0,0,0,2,0,2,0,0,0,0,0,0,0,0,0,0,0,1,7,0,0,0,0,0,0,0,0,0,0,0,0,0,0,17,1,0
F:\Project\qmood-logback-llm-analysis\versions\logback\logback-classic\src\main\java\ch\qos\logback\classic\html\DefaultThrowableRenderer.java,ch.qos.logback.classic.html.DefaultThrowableRenderer,class,5,7,2,5,7,1,0,13,3,0.6666667,0.0,0.0,3,0,2,0,0,1,3,0,0,0,1,1,0,0,0,1,1,0,0,35,0,2,1,0,0,7,3,8,1,7,1,0,0,0,38,1,0
F:\Project\qmood-logback-llm-analysis\versions\logback\logback-classic\src\main\java\ch\qos\logback\classic\util\LevelToSyslogSeverity.java,ch.qos.logback.classic.util.LevelToSyslogSeverity,class,2,4,2,2,6,1,0,1,0,0.0,NaN,NaN,1,1,1,0,0,0,1,0,0,0,0,0,0,0,0,0,0,0,0,18,4,0,0,0,0,2,0,1,1,1,1,0,0,0,18,1,0
F:\Project\qmood-logback-llm-analysis\versions\logback\logback-classic\src\main\java\ch\qos\logback\classic\net\SimpleSocketServer.java,ch.qos.logback.classic.net.SimpleSocketServer,class,5,8,3,5,27,2,1,41,86,0.8035714,0.108333334,0.2,16,5,8,0,4,4,16,0,0,0,7,0,0,6,0,1,2,0,13,136,7,2,5,3,0,17,8,20,4,17,3,0,0,0,126,1,10
F:\Project\qmood-logback-llm-analysis\versions\logback\logback-classic\src\main\java\ch\qos\logback\classic\Logger.java,ch.qos.logback.classic.Logger,class,19,43,24,19,160,1,0,57,1629,0.87653065,0.36703238,0.84639496,98,0,81,10,1,6,88,0,0,3,10,2,1,8,0,1,3,0,5,544,62,5,50,0,1,16,11,58,12,44,3,0,0,1,306,17,0
F:\Project\qmood-logback-llm-analysis\versions\logback\logback-classic\src\main\java\ch\qos\logback\classic\model\RootLoggerModel.java,ch.qos.logback.classic.model.RootLoggerModel,class,3,9,6,3,9,2,0,6,0,0.5833333,0.6666667,0.6666667,6,0,4,0,2,0,6,0,0,0,2,1,0,1,0,1,1,0,2,31,7,0,2,0,0,0,2,8,2,6,1,0,0,0,32,1,0
F:\Project\qmood-logback-llm-analysis\versions\logback\logback-classic\src\main\java\ch\qos\logback\classic\pattern\DateConverter.java,ch.qos.logback.classic.pattern.DateConverter,class,3,4,1,3,10,3,0,12,0,0.0,1.0,1.0,2,0,2,0,0,0,2,0,0,0,1,0,0,0,0,1,0,0,2,40,1,0,3,1,0,5,4,15,3,8,1,0,0,0,42,1,0
F:\Project\qmood-logback-llm-analysis\versions\logback\logback-classic\src\main\java\ch\qos\logback\classic\joran\serializedModel\HardenedModelInputStream.java,ch.qos.logback.classic.joran.serializedModel.HardenedModelInputStream,class,9,11,2,9,2,2,0,31,1,0.0,0.0,0.0,2,1,2,0,0,0,2,0,0,0,0,0,0,0,0,0,0,0,1,38,1,0,0,0,0,0,0,1,0,1,0,0,0,0,12,1,0
F:\Project\qmood-logback-llm-analysis\versions\logback\logback-classic\src\main\java\ch\qos\logback\classic\selector\servlet\LoggerContextFilter.java,ch.qos.logback.classic.selector.servlet.LoggerContextFilter,class,9,9,0,9,5,1,0,6,3,0.0,0.0,0.0,3,0,3,0,0,0,3,0,0,0,0,0,0,0,0,0,0,0,1,23,0,0,1,1,0,0,0,4,0,3,2,0,0,0,58,1,0
F:\Project\qmood-logback-llm-analysis\versions\logback\logback-classic\src\main\java\ch\qos\logback\classic\pattern\LoggerConverter.java,ch.qos.logback.classic.pattern.LoggerConverter,class,2,3,1,2,1,4,0,1,0,0.0,NaN,NaN,1,0,0,0,1,0,1,0,0,0,0,0,0,0,0,0,0,0,0,5,1,0,0,0,0,0,0,0,0,0,0,0,0,0,11,1,0
F:\Project\qmood-logback-llm-analysis\versions\logback\logback-classic\src\main\java\ch\qos\logback\classic\model\ConfigurationModel.java,ch.qos.logback.classic.model.ConfigurationModel,class,2,9,7,2,15,2,0,6,4,0.6666666,0.46969697,0.8333333,12,0,10,0,2,0,12,0,0,0,5,1,0,1,0,4,1,0,5,55,10,0,2,0,0,0,2,14,2,9,1,0,0,0,37,1,0
F:\Project\qmood-logback-llm-analysis\versions\logback\logback-classic\src\main\java\ch\qos\logback\classic\boolex\ExceptionMatchEvaluator.java,ch.qos.logback.classic.boolex.ExceptionMatchEvaluator,class,3,3,0,3,8,2,0,4,0,0.4166667,0.6,1.0,6,0,6,0,0,0,6,0,0,0,2,0,0,1,0,1,0,0,0,30,5,0,2,0,0,1,0,5,0,3,1,0,0,0,69,1,0
F:\Project\qmood-logback-llm-analysis\versions\logback\logback-classic\src\main\java\ch\qos\logback\classic\model\processor\ConfigurationModelHandler.java,ch.qos.logback.classic.model.processor.ConfigurationModelHandler,class,10,12,2,10,15,2,1,23,19,0.85714287,0.06666667,0.06666667,7,1,4,1,1,1,6,0,0,0,2,1,0,0,1,1,1,0,0,59,5,0,3,0,1,3,1,11,0,9,1,0,0,0,116,1,0
F:\Project\qmood-logback-llm-analysis\versions\logback\logback-classic\src\main\java\ch\qos\logback\classic\pattern\ThrowableHandlingConverter.java,ch.qos.logback.classic.pattern.ThrowableHandlingConverter,class,1,4,3,1,1,3,2,0,0,0.0,NaN,NaN,1,0,0,0,0,1,1,0,0,0,0,0,0,0,0,0,0,0,0,5,1,0,0,0,0,0,0,0,0,0,0,0,0,0,13,1025,0
F:\Project\qmood-logback-llm-analysis\versions\logback\logback-classic\src\main\java\ch\qos\logback\classic\model\processor\ConfigurationModelHandlerFull.java,ch.qos.logback.classic.model.processor.ConfigurationModelHandlerFull,class,10,11,1,10,16,3,0,24,15,0.8333333,0.0,0.0,6,1,4,2,0,0,4,0,0,0,2,2,2,0,0,0,0,0,0,73,5,0,4,2,2,18,0,15,8,13,2,0,0,0,131,1,0
F:\Project\qmood-logback-llm-analysis\versions\logback\logback-classic\src\main\java\ch\qos\logback\classic\model\ContextNameModel.java,ch.qos.logback.classic.model.ContextNameModel,class,2,7,5,2,1,2,0,0,0,1.0,NaN,NaN,1,0,0,0,1,0,1,0,0,0,1,1,0,1,0,0,1,0,0,6,1,0,0,0,0,0,1,1,0,1,0,0,0,0,14,1,0
F:\Project\qmood-logback-llm-analysis\versions\logback\logback-classic\src\main\java\ch\qos\logback\classic\pattern\ContextNameConverter.java,ch.qos.logback.classic.pattern.ContextNameConverter,class,3,4,1,3,1,3,0,2,0,0.0,NaN,NaN,1,0,1,0,0,0,1,0,0,0,0,0,0,0,0,0,0,0,0,5,1,0,0,0,0,0,0,0,0,0,0,0,0,0,21,1,0
F:\Project\qmood-logback-llm-analysis\versions\logback\logback-classic\src\main\java\ch\qos\logback\classic\turbo\MDCFilter.java,ch.qos.logback.classic.turbo.MDCFilter,class,6,6,0,6,9,4,0,4,0,0.25,0.8333333,1.0,4,0,4,0,0,0,4,0,0,0,2,0,0,0,0,2,0,0,0,32,3,0,3,0,0,2,2,5,0,4,1,0,0,0,77,1,0
F:\Project\qmood-logback-llm-analysis\versions\logback\logback-classic\src\main\java\ch\qos\logback\classic\util\ClassicEnvUtil.java,ch.qos.logback.classic.util.ClassicEnvUtil,class,3,5,2,3,5,1,0,7,3,0.0,0.0,0.0,3,3,3,0,0,0,3,0,0,0,0,0,0,0,0,0,0,0,1,23,4,1,0,1,0,1,0,4,0,4,1,0,0,0,43,1,0
F:\Project\qmood-logback-llm-analysis\versions\logback\logback-classic\src\main\java\ch\qos\logback\classic\model\processor\ContextNameModelHandler.java,ch.qos.logback.classic.model.processor.ContextNameModelHandler,class,6,7,1,6,5,2,0,6,6,0.0,0.0,0.0,4,1,3,0,1,0,4,0,0,0,0,0,0,0,0,0,0,0,0,22,2,0,0,1,0,5,0,2,2,2,1,0,0,0,29,1,0
F:\Project\qmood-logback-llm-analysis\versions\logback\logback-classic\src\main\java\ch\qos\logback\classic\model\LevelModel.java,ch.qos.logback.classic.model.LevelModel,class,2,6,4,2,9,2,0,6,0,0.5833333,0.6666667,0.6666667,6,0,4,0,2,0,6,0,0,0,2,1,0,1,0,1,1,0,2,31,7,0,2,0,0,0,2,8,2,6,1,0,0,0,30,1,0
F:\Project\qmood-logback-llm-analysis\versions\logback\logback-classic\src\main\java\ch\qos\logback\classic\pattern\TargetLengthBasedClassNameAbbreviator.java,ch.qos.logback.classic.pattern.TargetLengthBasedClassNameAbbreviator,class,1,2,1,1,10,1,0,7,0,0.0,1.0,1.0,2,0,2,0,0,0,2,0,0,0,1,0,0,0,0,1,1,0,0,45,3,1,3,0,0,1,5,15,4,12,3,0,0,0,43,1,0
F:\Project\qmood-logback-llm-analysis\versions\logback\logback-classic\src\main\java\ch\qos\logback\classic\LoggerContext.java,ch.qos.logback.classic.LoggerContext,class,20,59,39,20,69,2,0,61,782,0.93019474,0.073015876,0.18253969,44,0,27,8,0,9,36,0,6,0,14,1,1,9,0,4,4,0,2,265,26,9,9,2,0,7,11,33,3,24,3,0,0,0,243,1,0
F:\Project\qmood-logback-llm-analysis\versions\logback\logback-classic\src\main\java\ch\qos\logback\classic\util\DefaultJoranConfigurator.java,ch.qos.logback.classic.util.DefaultJoranConfigurator,class,10,11,1,10,27,2,0,24,28,0.0,0.0,0.0,8,0,3,5,0,0,3,0,0,0,0,0,0,0,0,0,0,0,0,109,11,1,8,4,0,16,1,16,6,11,4,0,0,0,91,1,0
F:\Project\qmood-logback-llm-analysis\versions\logback\logback-classic\src\main\java\ch\qos\logback\classic\spi\Configurator.java,ch.qos.logback.classic.spi.Configurator,interface,3,8,5,3,1,1,0,0,0,0.0,NaN,NaN,1,0,0,0,0,1,1,0,0,0,0,0,0,0,0,0,0,0,0,4,0,0,0,0,0,0,0,0,0,0,0,0,1,0,63,1,0
F:\Project\qmood-logback-llm-analysis\versions\logback\logback-classic\src\main\java\ch\qos\logback\classic\util\LevelUtil.java,ch.qos.logback.classic.util.LevelUtil,class,2,4,2,2,6,1,0,4,1,0.0,0.0,0.0,2,2,2,0,0,0,2,0,0,0,0,0,0,0,0,0,0,0,2,20,5,0,0,0,0,0,0,1,0,1,2,0,0,0,17,1,0
F:\Project\qmood-logback-llm-analysis\versions\logback\logback-classic\src\main\java\ch\qos\logback\classic\spi\LoggerContextVO.java,ch.qos.logback.classic.spi.LoggerContextVO,class,2,14,12,2,16,1,0,7,0,0.5,0.6944444,0.7777778,9,0,9,0,0,0,9,0,0,0,4,1,0,1,3,0,1,0,0,45,11,0,8,0,4,4,6,11,7,6,1,0,0,0,88,1,0
F:\Project\qmood-logback-llm-analysis\versions\logback\logback-classic\src\main\java\ch\qos\logback\classic\turbo\LRUMessageCache.java,ch.qos.logback.classic.turbo.LRUMessageCache,class,0,1,1,0,8,4,0,4,4,0.75,0.16666667,0.16666667,4,0,1,0,1,2,4,0,0,1,2,1,0,1,0,1,2,0,0,34,3,0,2,0,3,1,8,5,3,3,2,0,0,0,50,0,0
F:\Project\qmood-logback-llm-analysis\versions\logback\logback-classic\src\main\java\ch\qos\logback\classic\pattern\ClassicConverter.java,ch.qos.logback.classic.pattern.ClassicConverter,class,1,24,23,1,0,2,23,0,0,0.0,-1.0,-1.0,0,0,0,0,0,0,0,0,0,0,0,0,0,0,0,0,0,0,0,2,0,0,0,0,0,0,0,0,0,0,0,0,0,0,15,1025,0
F:\Project\qmood-logback-llm-analysis\versions\logback\logback-classic\src\main\java\ch\qos\logback\classic\pattern\LocalSequenceNumberConverter.java,ch.qos.logback.classic.pattern.LocalSequenceNumberConverter,class,2,3,1,2,1,3,0,3,0,0.0,NaN,NaN,1,0,1,0,0,0,1,0,0,0,1,0,0,0,0,1,0,0,2,6,1,0,0,0,0,0,0,1,0,1,0,0,0,0,40,1,0
F:\Project\qmood-logback-llm-analysis\versions\logback\logback-classic\src\main\java\ch\qos\logback\classic\model\PropertiesConfiguratorModel.java,ch.qos.logback.classic.model.PropertiesConfiguratorModel,class,1,4,3,1,2,2,0,0,0,0.5,1.0,1.0,2,0,2,0,0,0,2,0,0,0,2,1,0,1,0,1,1,0,0,10,1,0,0,0,0,0,1,2,0,2,0,0,0,0,16,1,0
F:\Project\qmood-logback-llm-analysis\versions\logback\logback-classic\src\main\java\ch\qos\logback\classic\joran\ReconfigureOnChangeTaskListener.java,ch.qos.logback.classic.joran.ReconfigureOnChangeTaskListener,class,0,1,1,0,3,1,0,0,3,0.0,0.0,0.0,3,0,0,0,0,3,3,0,0,0,0,0,0,0,0,0,0,0,0,8,0,0,0,0,0,0,0,0,0,0,0,0,0,0,12,0,0
F:\Project\qmood-logback-llm-analysis\versions\logback\logback-classic\src\main\java\ch\qos\logback\classic\pattern\EnsureExceptionHandling.java,ch.qos.logback.classic.pattern.EnsureExceptionHandling,class,9,11,2,9,14,1,0,7,3,0.0,0.0,0.0,3,0,3,0,0,0,3,0,0,0,0,0,0,0,0,0,0,0,0,47,6,2,3,0,0,1,0,11,0,7,3,0,0,0,87,1,0
F:\Project\qmood-logback-llm-analysis\versions\logback\logback-classic\src\main\java\ch\qos\logback\classic\util\ContextSelectorStaticBinder.java,ch.qos.logback.classic.util.ContextSelectorStaticBinder,class,5,9,4,5,8,1,0,6,4,0.6666667,0.16666667,0.16666667,4,2,3,0,0,1,4,0,0,0,3,1,0,0,0,3,0,0,1,34,3,0,3,0,0,2,0,8,0,6,1,0,0,0,74,1,0
F:\Project\qmood-logback-llm-analysis\versions\logback\logback-classic\src\main\java\ch\qos\logback\classic\joran\action\ConfigurationAction.java,ch.qos.logback.classic.joran.action.ConfigurationAction,class,5,5,0,5,1,2,0,5,0,0.0,NaN,NaN,1,0,0,0,1,0,1,0,0,0,4,4,0,0,0,4,4,0,0,14,1,0,0,0,0,4,0,5,0,5,0,0,0,0,30,1,0
F:\Project\qmood-logback-llm-analysis\versions\logback\logback-classic\src\main\java\ch\qos\logback\classic\spi\StackTraceElementProxy.java,ch.qos.logback.classic.spi.StackTraceElementProxy,class,2,16,14,2,18,1,0,6,2,0.71875,0.4642857,0.75,8,0,8,0,0,0,8,0,0,0,4,1,0,2,0,2,2,0,0,54,12,0,8,0,0,3,1,5,1,5,2,0,0,0,45,1,0
F:\Project\qmood-logback-llm-analysis\versions\logback\logback-classic\src\main\java\ch\qos\logback\classic\model\processor\LoggerModelHandler.java,ch.qos.logback.classic.model.processor.LoggerModelHandler,class,9,10,1,9,12,2,0,17,8,0.6,0.1,0.1,5,1,4,0,1,0,5,0,0,0,2,0,0,0,0,2,0,0,1,57,3,0,1,0,0,8,0,12,4,11,3,0,0,0,46,1,0
F:\Project\qmood-logback-llm-analysis\versions\logback\logback-classic\src\main\java\ch\qos\logback\classic\pattern\MarkerConverter.java,ch.qos.logback.classic.pattern.MarkerConverter,class,3,4,1,3,6,3,0,8,0,0.0,NaN,NaN,1,0,1,0,0,0,1,0,0,0,1,1,0,1,0,0,0,0,0,18,3,1,3,0,0,1,5,6,0,6,2,0,0,0,30,1,0
F:\Project\qmood-logback-llm-analysis\versions\logback\logback-classic\src\main\java\ch\qos\logback\classic\util\LogbackMDCAdapter.java,ch.qos.logback.classic.util.LogbackMDCAdapter,class,3,6,3,3,24,1,0,13,34,0.6923077,0.3181818,0.3181818,13,0,12,1,0,0,12,0,0,0,3,0,0,1,0,2,3,0,1,94,10,0,11,0,2,3,0,13,0,11,2,0,0,0,160,1,0
F:\Project\qmood-logback-llm-analysis\versions\logback\logback-classic\src\main\java\ch\qos\logback\classic\servlet\LogbackServletContainerInitializer.java,ch.qos.logback.classic.servlet.LogbackServletContainerInitializer,class,5,6,1,5,6,1,0,8,1,0.0,0.0,0.0,2,0,1,0,0,1,2,0,0,0,0,0,0,0,0,0,0,0,3,25,2,0,0,0,0,4,0,6,2,3,1,0,0,0,69,1,0
F:\Project\qmood-logback-llm-analysis\versions\logback\logback-classic\src\main\java\ch\qos\logback\classic\joran\SerializedModelConfigurator.java,ch.qos.logback.classic.joran.SerializedModelConfigurator,class,15,16,1,15,23,2,0,34,26,0.8333333,0.0,0.0,8,0,1,6,0,1,2,0,0,0,3,2,2,0,1,0,2,0,3,123,13,0,7,4,0,16,0,26,9,21,4,0,0,0,115,1,0
F:\Project\qmood-logback-llm-analysis\versions\logback\logback-classic\src\main\java\ch\qos\logback\classic\joran\PropertiesConfigurator.java,ch.qos.logback.classic.joran.PropertiesConfigurator,class,8,11,3,8,33,2,0,35,87,0.91836727,0.022222223,0.022222223,14,0,6,4,0,4,10,0,0,0,7,6,1,0,0,6,5,0,1,139,4,3,5,4,0,13,0,23,6,23,2,1,0,0,86,1,0
F:\Project\qmood-logback-llm-analysis\versions\logback\logback-classic\src\main\java\ch\qos\logback\classic\boolex\GEventEvaluator.DISABLEDjava,ch.qos.logback.classic.boolex.GEventEvaluator,class,7,7,0,7,11,2,0,15,0,0.5833333,0.6666667,1.0,4,0,4,0,0,0,4,0,0,0,3,0,0,0,0,3,0,0,0,51,5,0,5,1,0,9,3,12,4,11,1,0,0,0,47,1,0
F:\Project\qmood-logback-llm-analysis\versions\logback\logback-classic\src\main\java\ch\qos\logback\classic\joran\action\RootLoggerAction.java,ch.qos.logback.classic.joran.action.RootLoggerAction,class,7,7,0,7,4,2,0,4,1,1.0,0.0,0.0,2,0,0,0,2,0,2,0,0,0,2,0,0,0,0,2,0,0,0,19,3,0,0,0,0,0,0,4,0,6,1,0,0,0,39,1,0
F:\Project\qmood-logback-llm-analysis\versions\logback\logback-classic\src\main\java\ch\qos\logback\classic\sift\ContextBasedDiscriminator.java,ch.qos.logback.classic.sift.ContextBasedDiscriminator,class,3,3,0,3,6,2,0,2,2,0.5,0.4,0.4,5,0,5,0,0,0,5,0,0,0,2,1,0,2,0,0,1,0,0,25,4,0,1,0,0,2,0,3,1,3,1,0,0,0,60,1,0
F:\Project\qmood-logback-llm-analysis\versions\logback\logback-classic\src\main\java\ch\qos\logback\classic\pattern\MethodOfCallerConverter.java,ch.qos.logback.classic.pattern.MethodOfCallerConverter,class,2,3,1,2,3,3,0,2,0,0.0,NaN,NaN,1,0,1,0,0,0,1,0,0,0,0,0,0,0,0,0,0,0,0,11,2,0,1,0,0,0,2,1,0,1,1,0,0,0,12,1,0
F:\Project\qmood-logback-llm-analysis\versions\logback\logback-classic\src\main\java\ch\qos\logback\classic\net\SocketNode.java,ch.qos.logback.classic.net.SocketNode,class,6,8,2,6,14,1,0,18,0,0.4642857,0.6666667,1.0,4,0,3,0,0,1,4,0,0,0,7,0,0,0,0,7,0,0,0,71,2,1,1,3,0,7,0,12,3,9,3,0,0,0,79,1,7
F:\Project\qmood-logback-llm-analysis\versions\logback\logback-classic\src\main\java\ch\qos\logback\classic\turbo\ReconfigureOnChangeFilter.java,ch.qos.logback.classic.turbo.ReconfigureOnChangeFilter,class,8,9,1,8,20,3,0,16,9,0.77272725,0.44444445,1.0,10,0,5,1,1,3,9,0,0,0,11,4,1,6,1,3,4,0,3,142,8,0,4,0,4,9,10,21,11,16,2,0,1,0,103,1,0
F:\Project\qmood-logback-llm-analysis\versions\logback\logback-classic\src\main\java\ch\qos\logback\classic\model\util\DefaultClassNameHelper.java,ch.qos.logback.classic.model.util.DefaultClassNameHelper,class,4,5,1,4,10,1,0,8,0,0.0,NaN,NaN,2,0,1,1,0,0,1,0,0,0,1,0,0,0,0,1,0,0,0,26,1,2,2,0,0,0,0,5,0,5,4,0,0,0,40,1,0
F:\Project\qmood-logback-llm-analysis\versions\logback\logback-classic\src\main\java\ch\qos\logback\classic\pattern\ThrowableProxyConverter.java,ch.qos.logback.classic.pattern.ThrowableProxyConverter,class,9,14,5,9,49,4,1,42,68,0.8615385,0.13333334,0.13333334,13,0,3,7,3,0,6,0,0,0,5,1,0,0,1,4,1,0,5,177,7,5,12,2,1,15,14,38,6,27,4,0,0,0,113,1,0
F:\Project\qmood-logback-llm-analysis\versions\logback\logback-classic\src\main\java\ch\qos\logback\classic\boolex\IEvaluator.java,ch.qos.logback.classic.boolex.IEvaluator,interface,1,2,1,1,1,1,0,0,0,0.0,NaN,NaN,1,0,0,0,0,1,1,0,0,0,0,0,0,0,0,0,0,0,0,3,0,0,0,0,0,0,0,0,0,0,0,0,0,0,16,1,0
F:\Project\qmood-logback-llm-analysis\versions\logback\logback-classic\src\main\java\ch\qos\logback\classic\model\processor\PropertiesConfiguratorModelHandler.java,ch.qos.logback.classic.model.processor.PropertiesConfiguratorModelHandler,class,10,11,1,10,13,2,0,17,8,0.70000005,0.1,0.1,5,1,4,0,1,0,5,0,0,0,2,1,0,0,0,2,1,0,0,55,6,0,6,1,0,3,0,13,2,9,2,0,0,0,77,1,0
F:\Project\qmood-logback-llm-analysis\versions\logback\logback-classic\src\main\java\ch\qos\logback\classic\pattern\KeyValuePairConverter.java,ch.qos.logback.classic.pattern.KeyValuePairConverter,class,5,7,2,5,13,3,0,13,1,0.5833334,1.0,1.0,3,0,2,1,0,0,2,0,0,0,4,3,0,0,0,4,3,0,2,49,7,1,5,0,0,3,2,11,0,10,2,0,1,0,68,1,0
F:\Project\qmood-logback-llm-analysis\versions\logback\logback-classic\src\main\java\ch\qos\logback\classic\joran\ReconfigureOnChangeTask.java,ch.qos.logback.classic.joran.ReconfigureOnChangeTask,class,9,11,2,9,27,2,0,41,43,0.90000004,0.0,0.0,10,0,4,6,0,0,4,0,0,0,6,3,3,0,0,3,3,0,2,130,6,0,6,3,0,19,0,22,7,22,2,0,0,0,124,1,0
F:\Project\qmood-logback-llm-analysis\versions\logback\logback-classic\src\main\java\ch\qos\logback\classic\spi\CallerData.java,ch.qos.logback.classic.spi.CallerData,class,1,3,2,1,18,1,0,6,4,0.75,0.33333334,0.33333334,4,4,2,1,0,1,3,0,0,0,5,5,3,2,0,0,5,0,2,53,9,3,4,0,1,3,5,14,4,12,3,0,0,0,107,1,0
F:\Project\qmood-logback-llm-analysis\versions\logback\logback-classic\src\main\java\ch\qos\logback\classic\model\ReceiverModel.java,ch.qos.logback.classic.model.ReceiverModel,class,2,3,1,2,1,2,0,0,0,1.0,NaN,NaN,1,0,0,0,1,0,1,0,0,0,1,1,0,1,0,0,1,0,0,6,1,0,0,0,0,0,1,1,0,1,0,0,0,0,13,1,0
F:\Project\qmood-logback-llm-analysis\versions\logback\logback-classic\src\main\java\ch\qos\logback\classic\spi\LoggerContextAwareBase.java,ch.qos.logback.classic.spi.LoggerContextAwareBase,class,4,4,0,4,5,2,0,1,3,0.0,0.0,0.0,3,0,3,0,0,0,3,0,0,0,0,0,0,0,0,0,0,0,0,16,1,0,1,0,0,1,0,0,0,0,1,0,0,0,28,1,0
F:\Project\qmood-logback-llm-analysis\versions\logback\logback-classic\src\main\java\ch\qos\logback\classic\pattern\Abbreviator.java,ch.qos.logback.classic.pattern.Abbreviator,interface,0,4,4,0,1,1,0,0,0,0.0,NaN,NaN,1,0,0,0,0,1,1,0,0,0,0,0,0,0,0,0,0,0,0,3,0,0,0,0,0,0,0,0,0,0,0,0,0,0,12,1,0
F:\Project\qmood-logback-llm-analysis\versions\logback\logback-classic\src\main\java\ch\qos\logback\classic\pattern\Util.java,ch.qos.logback.classic.pattern.Util,class,2,2,0,2,4,1,0,1,0,1.0,NaN,NaN,1,1,1,0,0,0,1,0,0,0,1,1,0,0,0,1,0,0,0,15,2,1,1,0,0,1,1,3,0,3,2,0,0,0,19,1,0
F:\Project\qmood-logback-llm-analysis\versions\logback\logback-classic\src\main\java\ch\qos\logback\classic\net\server\HardenedLoggingEventInputStream.java,ch.qos.logback.classic.net.server.HardenedLoggingEventInputStream,class,13,15,2,13,3,2,0,19,3,1.0,0.0,0.0,3,1,3,0,0,0,3,0,0,0,1,1,0,0,0,1,1,0,1,30,1,0,0,0,0,1,0,2,0,2,0,0,0,0,24,1,0
F:\Project\qmood-logback-llm-analysis\versions\logback\logback-classic\src\main\java\ch\qos\logback\classic\model\LoggerContextListenerModel.java,ch.qos.logback.classic.model.LoggerContextListenerModel,class,2,7,5,2,1,2,0,0,0,1.0,NaN,NaN,1,0,0,0,1,0,1,0,0,0,1,1,0,1,0,0,1,0,0,6,1,0,0,0,0,0,1,1,0,1,0,0,0,0,15,1,0
F:\Project\qmood-logback-llm-analysis\versions\logback\logback-classic\src\main\java\ch\qos\logback\classic\model\LoggerModel.java,ch.qos.logback.classic.model.LoggerModel,class,3,9,6,3,14,2,0,7,0,0.6363636,0.5272727,0.8181818,11,0,9,0,2,0,11,0,0,0,4,1,0,1,0,3,1,0,4,50,10,0,2,0,0,2,2,12,3,8,1,0,0,0,37,1,0
F:\Project\qmood-logback-llm-analysis\versions\logback\logback-classic\src\main\java\ch\qos\logback\classic\joran\action\ContextNameAction.java,ch.qos.logback.classic.joran.action.ContextNameAction,class,5,5,0,5,1,2,0,0,0,0.0,NaN,NaN,1,0,0,0,1,0,1,0,0,0,0,0,0,0,0,0,0,0,0,6,1,0,0,0,0,0,0,1,0,1,0,0,0,0,13,1,0
F:\Project\qmood-logback-llm-analysis\versions\logback\logback-classic\src\main\java\ch\qos\logback\classic\spi\LoggerContextListener.java,ch.qos.logback.classic.spi.LoggerContextListener,interface,3,7,4,3,5,1,0,0,10,0.0,0.0,0.0,5,0,0,0,0,5,5,0,0,0,0,0,0,0,0,0,0,0,0,7,0,0,0,0,0,0,0,0,0,0,0,0,0,0,30,1,0
F:\Project\qmood-logback-llm-analysis\versions\logback\logback-classic\src\main\java\ch\qos\logback\classic\turbo\TurboFilter.java,ch.qos.logback.classic.turbo.TurboFilter,class,8,17,9,8,9,2,4,9,13,0.6428572,0.1904762,0.1904762,7,0,7,0,0,0,7,1,0,0,2,0,0,1,0,1,0,0,1,29,3,0,1,0,1,0,1,10,0,8,0,0,0,0,138,1025,0
F:\Project\qmood-logback-llm-analysis\versions\logback\logback-classic\src\main\java\ch\qos\logback\classic\joran\JoranConfigurator.java,ch.qos.logback.classic.joran.JoranConfigurator,class,21,28,7,21,7,2,0,15,21,0.0,0.0,0.0,7,0,2,2,3,0,5,0,0,0,0,0,0,0,0,0,0,0,1,43,1,0,0,0,0,13,0,2,0,2,0,0,0,14,75,1,0
F:\Project\qmood-logback-llm-analysis\versions\logback\logback-classic\src\main\java\ch\qos\logback\classic\net\SMTPAppender.java,ch.qos.logback.classic.net.SMTPAppender,class,8,8,0,8,19,2,0,16,49,0.8181819,0.054545455,0.054545455,11,0,5,0,5,1,11,0,0,0,2,1,0,1,0,1,1,0,0,68,7,2,3,0,0,3,1,13,1,9,2,0,0,0,115,1,0
F:\Project\qmood-logback-llm-analysis\versions\logback\logback-classic\src\main\java\ch\qos\logback\classic\pattern\ThreadConverter.java,ch.qos.logback.classic.pattern.ThreadConverter,class,2,3,1,2,1,3,0,1,0,0.0,NaN,NaN,1,0,1,0,0,0,1,0,0,0,0,0,0,0,0,0,0,0,0,5,1,0,0,0,0,0,0,0,0,0,0,0,0,0,18,1,0
F:\Project\qmood-logback-llm-analysis\versions\logback\logback-classic\src\main\java\ch\qos\logback\classic\selector\ContextSelector.java,ch.qos.logback.classic.selector.ContextSelector,interface,1,7,6,1,5,1,0,0,10,0.0,0.0,0.0,5,0,0,0,0,5,5,0,0,0,0,0,0,0,0,0,0,0,0,7,0,0,0,0,0,0,0,0,0,0,0,0,0,0,35,1,0
F:\Project\qmood-logback-llm-analysis\versions\logback\logback-classic\src\main\java\ch\qos\logback\classic\spi\ThrowableProxyUtil.java,ch.qos.logback.classic.spi.ThrowableProxyUtil,class,5,10,5,5,38,1,0,32,118,0.9166667,0.012820513,0.012820513,16,16,11,3,0,2,13,0,0,0,3,3,2,1,0,0,3,0,19,144,6,5,11,0,0,6,17,25,5,21,3,0,0,0,99,1,0
F:\Project\qmood-logback-llm-analysis\versions\logback\logback-classic\src\main\java\ch\qos\logback\classic\net\SimpleSSLSocketServer.java,ch.qos.logback.classic.net.SimpleSSLSocketServer,class,5,6,1,5,5,3,0,4,4,0.5,0.16666667,0.16666667,4,1,3,0,1,0,4,0,0,0,1,0,0,1,0,0,1,0,2,21,1,0,1,0,0,1,0,2,0,2,1,0,0,0,111,1,0
F:\Project\qmood-logback-llm-analysis\versions\logback\logback-classic\src\main\java\ch\qos\logback\classic\spi\ClassPackagingData.java,ch.qos.logback.classic.spi.ClassPackagingData,class,1,7,6,1,22,1,0,3,0,0.6363636,0.5272727,0.8181818,11,0,11,0,0,0,11,0,0,0,4,1,0,1,0,3,1,0,0,58,13,0,9,0,2,0,4,14,2,7,2,0,0,0,34,1,0
F:\Project\qmood-logback-llm-analysis\versions\logback\logback-classic\src\main\java\ch\qos\logback\classic\spi\LoggingEvent.java,ch.qos.logback.classic.spi.LoggingEvent,class,15,18,3,15,75,1,0,46,810,0.9329546,0.068292685,0.36097562,44,0,39,3,0,2,41,0,0,0,20,2,2,15,0,3,2,0,8,269,30,0,24,1,4,12,4,50,6,32,3,0,0,0,278,1,0
F:\Project\qmood-logback-llm-analysis\versions\logback\logback-classic\src\main\java\ch\qos\logback\classic\net\SyslogAppender.java,ch.qos.logback.classic.net.SyslogAppender,class,9,10,1,9,20,2,0,25,64,0.8615384,0.07272727,0.07272727,13,0,8,2,1,2,11,0,0,0,5,2,2,0,0,3,2,0,1,87,9,2,3,1,0,7,0,19,4,14,3,0,0,0,131,1,0
F:\Project\qmood-logback-llm-analysis\versions\logback\logback-classic\src\main\java\ch\qos\logback\classic\util\ClassicVersionUtil.java,ch.qos.logback.classic.util.ClassicVersionUtil,class,2,4,2,2,4,1,0,4,1,0.0,0.0,0.0,2,2,1,0,0,1,2,0,0,0,0,0,0,0,0,0,0,0,1,22,4,0,1,1,0,3,0,4,2,4,2,0,0,0,56,1,0
F:\Project\qmood-logback-llm-analysis\versions\logback\logback-classic\src\main\java\ch\qos\logback\classic\pattern\KeyValuePairConverter.java,ch.qos.logback.classic.pattern.KeyValuePairConverter$ValueQuoteSpecification,enum,0,0,0,0,4,1,0,0,0,0.0,NaN,NaN,1,0,0,0,0,1,1,0,0,0,0,0,0,0,0,0,0,0,0,13,3,0,0,0,0,0,0,0,0,0,1,0,0,0,17,0,0
F:\Project\qmood-logback-llm-analysis\versions\logback\logback-classic\src\main\java\ch\qos\logback\classic\AsyncAppender.java,ch.qos.logback.classic.AsyncAppender,class,3,3,0,3,6,2,0,4,0,0.25,0.5,0.5,4,0,2,0,2,0,4,0,0,0,1,0,0,0,0,1,0,0,0,17,2,0,0,0,0,0,0,3,0,2,1,0,0,0,55,1,0
F:\Project\qmood-logback-llm-analysis\versions\logback\logback-classic\src\main\java\ch\qos\logback\classic\joran\sanity\IfNestedWithinSecondPhaseElementSC.java,ch.qos.logback.classic.joran.sanity.IfNestedWithinSecondPhaseElementSC,class,8,9,1,8,5,2,0,6,1,0.5,0.0,0.0,2,0,2,0,0,0,2,0,0,0,1,1,1,0,0,0,1,0,0,24,3,1,1,0,0,8,0,7,3,7,1,0,0,0,61,1,0
F:\Project\qmood-logback-llm-analysis\versions\logback\logback-classic\src\main\java\ch\qos\logback\classic\spi\ThrowableProxyVO.java,ch.qos.logback.classic.spi.ThrowableProxyVO,class,3,6,3,3,27,1,0,14,23,0.7878789,0.10909091,0.27272728,11,1,11,0,0,0,11,0,0,0,9,1,0,9,0,0,1,0,4,82,21,1,11,0,2,0,5,18,2,16,2,0,0,0,67,1,0
F:\Project\qmood-logback-llm-analysis\versions\logback\logback-classic\src\main\java\ch\qos\logback\classic\turbo\MarkerFilter.java,ch.qos.logback.classic.turbo.MarkerFilter,class,6,6,0,6,8,4,0,6,0,0.0,1.0,1.0,3,0,3,0,0,0,3,0,0,0,1,0,0,0,0,1,0,0,0,30,4,0,3,0,0,2,0,1,1,1,1,0,0,0,38,1,0
F:\Project\qmood-logback-llm-analysis\versions\logback\logback-classic\src\main\java\ch\qos\logback\classic\pattern\PrefixCompositeConverter.java,ch.qos.logback.classic.pattern.PrefixCompositeConverter,class,5,5,0,5,8,2,0,11,1,0.0,0.0,0.0,2,0,1,0,1,0,2,0,0,0,0,0,0,0,0,0,0,0,0,32,1,1,4,0,0,3,0,10,0,9,3,0,0,0,28,1,0
F:\Project\qmood-logback-llm-analysis\versions\logback\logback-classic\src\main\java\ch\qos\logback\classic\joran\ModelClassToModelHandlerLinker.java,ch.qos.logback.classic.joran.ModelClassToModelHandlerLinker,class,18,21,3,18,5,2,0,5,0,0.25,0.16666667,0.16666667,4,0,4,0,0,0,4,0,0,0,1,0,0,0,0,1,0,0,0,36,2,0,1,0,0,0,0,1,0,1,1,0,0,5,47,1,0
F:\Project\qmood-logback-llm-analysis\versions\logback\logback-classic\src\main\java\ch\qos\logback\classic\pattern\NopThrowableInformationConverter.java,ch.qos.logback.classic.pattern.NopThrowableInformationConverter,class,2,2,0,2,1,4,0,0,0,0.0,NaN,NaN,1,0,1,0,0,0,1,0,0,0,0,0,0,0,0,0,0,0,0,5,1,0,0,0,0,0,0,0,0,0,0,0,0,0,62,1,0
F:\Project\qmood-logback-llm-analysis\versions\logback\logback-classic\src\main\java\ch\qos\logback\classic\util\StatusViaSLF4JLoggerFactory.java,ch.qos.logback.classic.util.StatusViaSLF4JLoggerFactory,class,7,10,3,7,5,1,0,4,6,0.0,0.0,0.0,4,4,4,0,0,0,4,0,0,0,0,0,0,0,0,0,0,0,3,20,0,0,0,0,0,0,0,3,0,3,1,0,0,0,31,1,0
F:\Project\qmood-logback-llm-analysis\versions\logback\logback-classic\src\main\java\ch\qos\logback\classic\spi\LoggerComparator.java,ch.qos.logback.classic.spi.LoggerComparator,class,1,2,1,1,4,1,0,3,0,0.0,NaN,NaN,1,0,1,0,0,0,1,0,0,0,0,0,0,0,0,0,0,0,0,14,4,0,0,0,0,0,3,0,0,0,1,0,0,0,4,1,0
F:\Project\qmood-logback-llm-analysis\versions\logback\logback-classic\src\main\java\ch\qos\logback\classic\pattern\RelativeTimeConverter.java,ch.qos.logback.classic.pattern.RelativeTimeConverter,class,3,4,1,3,2,3,0,4,0,0.0,NaN,NaN,1,0,1,0,0,0,1,0,0,0,2,0,0,0,0,2,0,0,1,14,1,0,1,0,0,0,1,5,1,3,2,0,0,0,15,1,0
F:\Project\qmood-logback-llm-analysis\versions\logback\logback-classic\src\main\java\ch\qos\logback\classic\selector\DefaultContextSelector.java,ch.qos.logback.classic.selector.DefaultContextSelector,class,3,5,2,3,7,1,0,4,0,0.16666667,0.6666667,0.6666667,6,0,6,0,0,0,6,0,0,0,1,0,0,1,0,0,0,0,1,26,6,0,0,0,0,0,0,1,0,1,1,0,0,0,13,1,0
F:\Project\qmood-logback-llm-analysis\versions\logback\logback-classic\src\main\java\ch\qos\logback\classic\joran\PropertiesConfigurator.java,ch.qos.logback.classic.joran.PropertiesConfigurator$Anonymous1,anonymous,0,0,0,0,4,1,0,2,0,0.0,NaN,NaN,1,0,1,0,0,0,1,0,0,0,0,0,0,0,0,0,0,0,0,13,2,0,3,0,0,0,3,3,1,3,1,0,0,0,7,-1,0
F:\Project\qmood-logback-llm-analysis\versions\logback\logback-classic\src\main\java\ch\qos\logback\classic\net\LoggingEventPreSerializationTransformer.java,ch.qos.logback.classic.net.LoggingEventPreSerializationTransformer,class,4,6,2,4,4,1,0,3,0,0.0,NaN,NaN,1,0,1,0,0,0,1,0,0,0,0,0,0,0,0,0,0,0,1,16,3,0,1,0,0,1,0,0,1,0,1,0,0,0,16,1,0
F:\Project\qmood-logback-llm-analysis\versions\logback\logback-classic\src\main\java\ch\qos\logback\classic\joran\action\ConsolePluginAction.java,ch.qos.logback.classic.joran.action.ConsolePluginAction,class,6,6,0,6,4,2,0,13,1,0.5,0.0,0.0,2,0,2,0,0,0,2,0,0,0,2,2,0,2,0,0,2,0,1,33,1,0,1,1,0,6,1,9,2,7,2,0,0,0,55,1,0
F:\Project\qmood-logback-llm-analysis\versions\logback\logback-classic\src\main\java\ch\qos\logback\classic\pattern\color\HighlightingCompositeConverter.java,ch.qos.logback.classic.pattern.color.HighlightingCompositeConverter,class,3,3,0,3,4,2,0,2,0,0.0,NaN,NaN,1,0,0,0,1,0,1,0,0,0,0,0,0,0,0,0,0,0,0,15,4,0,0,0,0,0,0,1,1,1,1,0,0,0,39,1,0
F:\Project\qmood-logback-llm-analysis\versions\logback\logback-classic\src\main\java\ch\qos\logback\classic\html\UrlCssBuilder.java,ch.qos.logback.classic.html.UrlCssBuilder,class,1,1,0,1,3,1,0,1,0,0.0,1.0,1.0,3,0,3,0,0,0,3,0,0,0,1,0,0,0,0,1,0,0,0,14,1,0,0,0,0,3,0,2,0,1,0,0,0,0,41,1,0
F:\Project\qmood-logback-llm-analysis\versions\logback\logback-classic\src\main\java\ch\qos\logback\classic\net\SocketAcceptor.java,ch.qos.logback.classic.net.SocketAcceptor,class,0,0,0,0,1,2,0,0,0,0.0,NaN,NaN,1,0,1,0,0,0,1,0,0,0,0,0,0,0,0,0,0,0,0,4,0,0,0,0,0,0,0,0,0,0,0,0,0,0,4,0,0
F:\Project\qmood-logback-llm-analysis\versions\logback\logback-classic\src\main\java\ch\qos\logback\classic\pattern\MaskedKeyValuePairConverter.java,ch.qos.logback.classic.pattern.MaskedKeyValuePairConverter,class,5,7,2,5,22,3,0,21,0,0.5,0.6666667,1.0,4,0,2,1,0,1,3,0,0,0,4,1,1,0,0,3,1,0,2,68,8,1,7,0,0,7,4,14,3,11,2,0,0,0,89,1,0
F:\Project\qmood-logback-llm-analysis\versions\logback\logback-classic\src\main\java\ch\qos\logback\classic\jul\LevelChangePropagator.java,ch.qos.logback.classic.jul.LevelChangePropagator,class,8,9,1,8,18,2,0,17,58,0.8333333,0.08888889,0.13333334,12,0,10,2,0,0,10,0,0,0,3,0,0,1,0,2,0,0,4,61,2,2,2,0,0,5,0,14,2,11,2,0,0,0,55,1,0
F:\Project\qmood-logback-llm-analysis\versions\logback\logback-classic\src\main\java\ch\qos\logback\classic\pattern\LineOfCallerConverter.java,ch.qos.logback.classic.pattern.LineOfCallerConverter,class,2,3,1,2,3,3,0,3,0,0.0,NaN,NaN,1,0,1,0,0,0,1,0,0,0,0,0,0,0,0,0,0,0,1,11,2,0,1,0,0,0,2,1,0,1,1,0,0,0,12,1,0
F:\Project\qmood-logback-llm-analysis\versions\logback\logback-classic\src\main\java\ch\qos\logback\classic\sift\SiftingAppender.java,ch.qos.logback.classic.sift.SiftingAppender,class,6,6,0,6,6,2,0,4,3,0.0,0.0,0.0,3,0,1,0,2,0,3,0,0,0,0,0,0,0,0,0,0,0,0,16,4,1,1,0,0,0,0,1,0,1,2,0,0,0,52,1,0
F:\Project\qmood-logback-llm-analysis\versions\logback\logback-classic\src\main\java\ch\qos\logback\classic\pattern\CallerDataConverter.java,ch.qos.logback.classic.pattern.CallerDataConverter,class,6,8,2,6,32,3,0,28,20,0.78571427,0.16666667,0.16666667,8,0,2,4,2,0,4,0,0,0,7,2,2,2,0,3,3,0,4,119,8,3,9,2,0,20,13,29,7,24,4,0,0,0,107,1,0
F:\Project\qmood-logback-llm-analysis\versions\logback\logback-classic\src\main\java\ch\qos\logback\classic\sift\JNDIBasedContextDiscriminator.java,ch.qos.logback.classic.sift.JNDIBasedContextDiscriminator,class,5,5,0,5,7,2,0,4,2,0.5,0.4,0.4,5,0,5,0,0,0,5,0,0,0,2,1,0,2,0,0,1,0,1,27,5,0,2,0,0,2,0,4,1,4,1,0,0,0,64,1,0
F:\Project\qmood-logback-llm-analysis\versions\logback\logback-classic\src\main\java\ch\qos\logback\classic\pattern\MDCConverter.java,ch.qos.logback.classic.pattern.MDCConverter,class,3,6,3,3,11,3,0,13,0,0.4,1.0,1.0,5,0,4,1,0,0,4,0,0,0,2,0,0,2,0,0,0,0,0,51,6,1,4,0,0,2,3,10,0,7,2,0,0,0,51,1,0
F:\Project\qmood-logback-llm-analysis\versions\logback\logback-classic\src\main\java\ch\qos\logback\classic\html\HTMLLayout.java,ch.qos.logback.classic.html.HTMLLayout,class,10,11,1,10,17,2,0,18,8,0.625,0.47619048,0.47619048,8,0,5,1,2,0,7,0,0,0,2,1,0,0,0,2,1,0,0,81,6,1,6,0,2,10,4,14,0,9,2,0,0,0,111,1,0
F:\Project\qmood-logback-llm-analysis\versions\logback\logback-classic\src\main\java\ch\qos\logback\classic\pattern\ClassNameOnlyAbbreviator.java,ch.qos.logback.classic.pattern.ClassNameOnlyAbbreviator,class,1,2,1,1,2,1,0,3,0,0.0,NaN,NaN,1,0,1,0,0,0,1,0,0,0,0,0,0,0,0,0,0,0,0,11,2,0,1,0,0,0,2,1,1,1,1,0,0,0,23,1,0
F:\Project\qmood-logback-llm-analysis\versions\logback\logback-classic\src\main\java\ch\qos\logback\classic\util\LoggerNameUtil.java,ch.qos.logback.classic.util.LoggerNameUtil,class,1,4,3,1,10,1,0,5,3,0.0,0.0,0.0,3,3,3,0,0,0,3,0,0,0,0,0,0,0,0,0,0,0,2,27,6,1,5,0,0,0,9,6,1,5,2,0,0,0,28,1,0
F:\Project\qmood-logback-llm-analysis\versions\logback\logback-classic\src\main\java\ch\qos\logback\classic\spi\LogbackServiceProvider.java,ch.qos.logback.classic.spi.LogbackServiceProvider,class,9,10,1,9,9,1,0,9,7,0.76666665,0.2,0.3,6,0,5,1,0,0,5,0,0,0,5,2,1,3,0,1,1,0,0,41,4,0,0,2,0,5,0,5,2,5,2,0,0,0,60,1,0
F:\Project\qmood-logback-llm-analysis\versions\logback\logback-classic\src\main\java\ch\qos\logback\classic\PatternLayout.java,ch.qos.logback.classic.PatternLayout,class,23,28,5,23,7,2,0,24,10,0.88,0.0,0.0,5,0,4,0,1,0,6,0,0,0,5,5,5,0,0,0,5,0,0,115,5,0,0,0,0,88,0,6,0,5,1,0,0,0,105,1,0
F:\Project\qmood-logback-llm-analysis\versions\logback\logback-classic\src\main\java\ch\qos\logback\classic\jul\JULHelper.java,ch.qos.logback.classic.jul.JULHelper,class,3,5,2,3,17,1,0,7,15,0.0,0.0,0.0,6,6,6,0,0,0,6,0,2,0,0,0,0,0,0,0,0,0,3,42,15,0,3,0,0,6,0,1,1,1,1,0,0,0,21,1,0
F:\Project\qmood-logback-llm-analysis\versions\logback\logback-classic\src\main\java\ch\qos\logback\classic\log4j\XMLLayout.java,ch.qos.logback.classic.log4j.XMLLayout,class,5,6,1,5,16,2,0,26,13,0.7142857,0.1904762,0.1904762,7,0,7,0,0,0,7,0,0,0,3,1,0,3,0,0,1,0,0,82,4,2,4,0,2,27,4,12,2,10,3,0,0,0,120,1,0
F:\Project\qmood-logback-llm-analysis\versions\logback\logback-classic\src\main\java\ch\qos\logback\classic\spi\Configurator.java,ch.qos.logback.classic.spi.Configurator$ExecutionStatus,enum,0,0,0,0,0,1,0,0,0,0.0,-1.0,-1.0,0,0,0,0,0,0,0,0,0,0,0,0,0,0,0,0,0,0,0,1,0,0,0,0,0,0,0,0,0,0,0,0,0,0,16,0,0
F:\Project\qmood-logback-llm-analysis\versions\logback\logback-classic\src\main\java\ch\qos\logback\classic\model\processor\LevelModelHandler.java,ch.qos.logback.classic.model.processor.LevelModelHandler,class,8,9,1,8,8,2,0,10,6,0.75,0.0,0.0,4,1,3,0,1,0,4,0,0,0,1,0,0,0,0,1,0,0,1,32,3,0,0,0,1,2,0,7,1,6,2,0,0,0,43,1,0
F:\Project\qmood-logback-llm-analysis\versions\logback\logback-classic\src\main\java\ch\qos\logback\classic\encoder\PatternLayoutEncoder.java,ch.qos.logback.classic.encoder.PatternLayoutEncoder,class,2,3,1,2,1,2,0,5,0,0.0,NaN,NaN,1,0,1,0,0,0,1,0,0,0,0,0,0,0,0,0,0,0,0,11,0,0,0,0,0,0,0,2,0,1,0,0,0,0,10,1,0
F:\Project\qmood-logback-llm-analysis\versions\logback\logback-classic\src\main\java\ch\qos\logback\classic\util\CopyOnInheritThreadLocal.java,ch.qos.logback.classic.util.CopyOnInheritThreadLocal,class,0,0,0,0,2,3,0,0,0,0.0,NaN,NaN,1,0,0,0,1,0,1,0,0,0,0,0,0,0,0,0,0,0,0,10,2,0,1,0,0,0,0,0,0,0,1,0,0,0,26,1,0
F:\Project\qmood-logback-llm-analysis\versions\logback\logback-classic\src\main\java\ch\qos\logback\classic\pattern\MessageConverter.java,ch.qos.logback.classic.pattern.MessageConverter,class,2,3,1,2,1,3,0,1,0,0.0,NaN,NaN,1,0,1,0,0,0,1,0,0,0,0,0,0,0,0,0,0,0,0,5,1,0,0,0,0,0,0,0,0,0,0,0,0,0,15,1,0
F:\Project\qmood-logback-llm-analysis\versions\logback\logback-classic\src\main\java\ch\qos\logback\classic\boolex\OnMarkerEvaluator.java,ch.qos.logback.classic.boolex.OnMarkerEvaluator,class,3,3,0,3,7,2,0,4,0,0.0,1.0,1.0,2,0,2,0,0,0,2,0,0,0,1,0,0,0,0,1,0,0,0,20,3,2,1,0,0,0,0,2,0,2,3,0,0,0,36,1,0
F:\Project\qmood-logback-llm-analysis\versions\logback\logback-classic\src\main\java\ch\qos\logback\classic\spi\ThrowableProxy.java,ch.qos.logback.classic.spi.ThrowableProxy,class,5,9,4,5,27,1,0,27,60,0.8557692,0.17582418,0.85714287,16,0,14,2,0,0,14,0,0,0,13,2,0,10,0,3,2,0,6,125,13,2,4,0,0,0,2,33,0,24,3,0,0,0,69,1,0
F:\Project\qmood-logback-llm-analysis\versions\logback\logback-classic\src\main\java\ch\qos\logback\classic\util\LogbackMDCAdapterSimple.java,ch.qos.logback.classic.util.LogbackMDCAdapterSimple,class,3,4,1,3,21,1,0,15,37,0.60714287,0.3181818,0.3181818,14,0,12,2,0,0,12,0,0,0,2,0,0,1,0,1,2,0,1,74,12,0,7,0,2,1,0,10,0,10,1,0,0,0,135,1,0
F:\Project\qmood-logback-llm-analysis\versions\logback\logback-classic\src\main\java\ch\qos\logback\classic\boolex\OnErrorEvaluator.java,ch.qos.logback.classic.boolex.OnErrorEvaluator,class,2,3,1,2,2,2,0,1,0,0.0,NaN,NaN,1,0,1,0,0,0,1,0,0,0,0,0,0,0,0,0,0,0,0,5,1,0,0,0,0,0,0,0,0,0,0,0,0,0,32,1,0
F:\Project\qmood-logback-llm-analysis\versions\logback\logback-classic\src\main\java\ch\qos\logback\classic\pattern\SequenceNumberConverter.java,ch.qos.logback.classic.pattern.SequenceNumberConverter,class,2,3,1,2,4,3,0,6,1,0.0,0.0,0.0,2,0,2,0,0,0,2,0,0,0,0,0,0,0,0,0,0,0,1,14,2,0,2,0,0,1,0,0,0,0,1,0,0,0,27,1,0
F:\Project\qmood-logback-llm-analysis\versions\logback\logback-classic\src\main\java\ch\qos\logback\classic\pattern\ClassOfCallerConverter.java,ch.qos.logback.classic.pattern.ClassOfCallerConverter,class,2,3,1,2,3,4,0,2,0,0.0,NaN,NaN,1,0,0,0,1,0,1,0,0,0,0,0,0,0,0,0,0,0,0,11,2,0,1,0,0,0,2,1,0,1,1,0,0,0,15,1,0
F:\Project\qmood-logback-llm-analysis\versions\logback\logback-classic\src\main\java\ch\qos\logback\classic\spi\TurboFilterList.java,ch.qos.logback.classic.spi.TurboFilterList,class,6,7,1,6,14,2,0,4,1,1.0,0.0,0.0,2,0,2,0,0,0,2,0,0,0,1,1,0,1,0,0,1,0,0,47,10,2,8,2,0,0,7,7,0,7,2,0,0,0,72,17,0
F:\Project\qmood-logback-llm-analysis\versions\logback\logback-classic\src\main\java\ch\qos\logback\classic\ViewStatusMessagesServlet.java,ch.qos.logback.classic.ViewStatusMessagesServlet,class,5,5,0,5,2,2,0,3,1,1.0,0.0,0.0,2,0,0,0,2,0,2,0,0,0,1,1,0,1,0,0,1,0,0,11,2,0,0,0,0,2,1,3,1,3,0,0,0,0,26,1,0
F:\Project\qmood-logback-llm-analysis\versions\logback\logback-classic\src\main\java\ch\qos\logback\classic\spi\LoggingEventVO.java,ch.qos.logback.classic.spi.LoggingEventVO,class,8,11,3,8,58,1,0,33,204,0.89263165,0.07114624,0.19367589,25,1,23,2,0,0,23,0,0,0,19,4,0,19,0,0,4,0,2,183,37,2,22,0,9,2,10,37,8,30,3,0,0,0,118,1,0
F:\Project\qmood-logback-llm-analysis\versions\logback\logback-classic\src\main\java\ch\qos\logback\classic\pattern\NamedConverter.java,ch.qos.logback.classic.pattern.NamedConverter$NameCache,innerclass,3,3,0,3,8,4,0,6,0,0.44444445,1.0,1.0,3,0,0,1,1,1,2,0,0,0,3,1,0,1,0,2,1,0,0,31,6,0,0,0,2,3,4,6,3,5,1,0,0,0,56,2,0
F:\Project\qmood-logback-llm-analysis\versions\logback\logback-classic\src\main\java\ch\qos\logback\classic\joran\action\InsertFromJNDIAction.java,ch.qos.logback.classic.joran.action.InsertFromJNDIAction,class,6,6,0,6,2,2,0,6,0,0.0,1.0,1.0,2,0,0,0,2,0,2,0,0,0,2,2,2,0,0,0,2,0,0,17,2,0,0,0,0,2,0,4,0,4,0,0,0,0,48,1,0
F:\Project\qmood-logback-llm-analysis\versions\logback\logback-classic\src\main\java\ch\qos\logback\classic\boolex\StubEventEvaluator.java,ch.qos.logback.classic.boolex.StubEventEvaluator,class,3,4,1,3,5,2,0,3,8,0.76,0.1,0.1,5,0,5,0,0,0,5,0,0,0,5,3,3,0,1,1,3,0,0,25,2,0,0,0,0,3,0,5,0,5,0,0,0,0,50,1,0
F:\Project\qmood-logback-llm-analysis\versions\logback\logback-classic\src\main\java\ch\qos\logback\classic\turbo\MDCValueLevelPair.java,ch.qos.logback.classic.turbo.MDCValueLevelPair,class,1,2,1,1,4,1,0,0,2,0.5,0.33333334,0.33333334,4,0,4,0,0,0,4,0,0,0,2,0,0,2,0,0,0,0,0,16,2,0,0,0,0,0,0,2,0,2,0,0,0,0,23,1,0
F:\Project\qmood-logback-llm-analysis\versions\logback\logback-classic\src\main\java\ch\qos\logback\classic\spi\LoggerContextAware.java,ch.qos.logback.classic.spi.LoggerContextAware,interface,2,3,1,2,1,1,0,0,0,0.0,NaN,NaN,1,0,0,0,0,1,1,0,0,0,0,0,0,0,0,0,0,0,0,3,0,0,0,0,0,0,0,0,0,0,0,0,0,0,31,1,0
F:\Project\qmood-logback-llm-analysis\versions\logback\logback-classic\src\main\java\ch\qos\logback\classic\joran\action\LevelAction.java,ch.qos.logback.classic.joran.action.LevelAction,class,6,6,0,6,2,2,0,6,1,0.0,0.0,0.0,2,0,0,0,2,0,2,0,0,0,0,0,0,0,0,0,0,0,0,15,2,0,0,0,0,3,0,3,1,3,0,0,0,0,45,1,0
F:\Project\qmood-logback-llm-analysis\versions\logback\logback-classic\src\main\java\ch\qos\logback\classic\pattern\EpochConverter.java,ch.qos.logback.classic.pattern.EpochConverter,class,2,3,1,2,4,3,0,5,0,0.0,1.0,1.0,2,0,2,0,0,0,2,0,0,0,1,0,0,0,0,1,0,0,2,18,2,0,0,0,0,1,1,3,1,2,1,0,0,0,42,1,0
F:\Project\qmood-logback-llm-analysis\versions\logback\logback-classic\src\main\java\ch\qos\logback\classic\pattern\SyslogStartConverter.java,ch.qos.logback.classic.pattern.SyslogStartConverter,class,4,5,1,4,9,3,0,19,2,0.60714287,0.33333334,0.5,4,0,3,0,0,1,4,0,0,0,7,0,0,1,0,6,1,0,4,63,5,0,3,2,1,9,5,15,3,13,2,0,0,0,78,1,0
F:\Project\qmood-logback-llm-analysis\versions\logback\logback-classic\src\main\java\ch\qos\logback\classic\servlet\LogbackServletContextListener.java,ch.qos.logback.classic.servlet.LogbackServletContextListener,class,6,7,1,6,3,1,0,7,1,0.5,0.0,0.0,2,0,2,0,0,0,2,0,0,0,1,0,0,0,0,1,0,0,1,14,0,0,0,0,0,3,0,3,1,3,1,0,0,0,28,1,0
F:\Project\qmood-logback-llm-analysis\versions\logback\logback-classic\src\main\java\ch\qos\logback\classic\spi\PackagingDataCalculator.java,ch.qos.logback.classic.spi.PackagingDataCalculator,class,5,7,2,5,49,1,0,38,53,0.90909094,0.0,0.0,11,0,1,6,0,4,6,0,0,0,3,2,0,1,0,2,1,0,3,190,26,4,19,4,1,7,10,47,8,40,5,0,0,0,118,1,0
F:\Project\qmood-logback-llm-analysis\versions\logback\logback-classic\src\main\java\ch\qos\logback\classic\spi\EventArgUtil.java,ch.qos.logback.classic.spi.EventArgUtil,class,0,1,1,0,10,1,0,1,6,0.0,0.0,0.0,4,4,4,0,0,0,4,0,1,0,0,0,0,0,0,0,0,0,1,27,6,0,5,0,0,1,6,3,2,3,1,0,0,0,34,1,0
F:\Project\qmood-logback-llm-analysis\versions\logback\logback-classic\src\main\java\ch\qos\logback\classic\net\SocketAppender.java,ch.qos.logback.classic.net.SocketAppender,class,4,5,1,4,5,2,0,1,4,0.625,0.16666667,0.16666667,4,0,3,0,1,0,4,0,0,0,2,1,0,2,0,0,1,0,0,17,1,0,0,0,0,0,0,3,0,2,1,0,0,0,47,1,0
F:\Project\qmood-logback-llm-analysis\versions\logback\logback-classic\src\main\java\ch\qos\logback\classic\util\ContextInitializer.java,ch.qos.logback.classic.util.ContextInitializer$Anonymous1,anonymous,3,3,0,3,3,1,0,4,0,0.0,NaN,NaN,1,0,1,0,0,0,1,0,0,0,0,0,0,0,0,0,0,0,0,10,1,0,2,0,1,0,0,5,0,5,0,0,0,0,11,-1,0
F:\Project\qmood-logback-llm-analysis\versions\logback\logback-classic\src\main\java\ch\qos\logback\classic\model\processor\LogbackClassicDefaultNestedComponentRules.java,ch.qos.logback.classic.model.processor.LogbackClassicDefaultNestedComponentRules,class,15,18,3,15,2,1,0,11,1,1.0,0.0,0.0,2,2,2,0,0,0,2,0,0,0,1,1,1,0,0,0,0,0,1,24,1,0,0,0,0,23,0,2,0,2,0,0,0,0,36,1,0
F:\Project\qmood-logback-llm-analysis\versions\logback\logback-classic\src\main\java\ch\qos\logback\classic\model\processor\LoggerContextListenerModelHandler.java,ch.qos.logback.classic.model.processor.LoggerContextListenerModelHandler,class,10,11,1,10,11,2,0,13,8,0.6,0.1,0.1,5,1,4,0,1,0,5,0,0,0,2,0,0,0,0,2,0,0,0,53,3,0,1,1,3,7,0,8,2,5,2,0,0,0,48,1,0
F:\Project\qmood-logback-llm-analysis\versions\logback\logback-classic\src\main\java\ch\qos\logback\classic\sift\MDCBasedDiscriminator.java,ch.qos.logback.classic.sift.MDCBasedDiscriminator,class,2,3,1,2,11,2,0,4,0,0.33333334,0.73333335,1.0,6,0,6,0,0,0,6,0,0,0,2,0,0,2,0,0,0,0,0,43,5,0,3,0,0,2,2,6,0,5,1,0,0,0,70,1,0
F:\Project\qmood-logback-llm-analysis\versions\logback\logback-classic\src\main\java\ch\qos\logback\classic\turbo\ReconfigureOnChangeFilter.java,ch.qos.logback.classic.turbo.ReconfigureOnChangeFilter$ReconfiguringThread,innerclass,5,5,0,5,10,1,0,19,3,0.0,NaN,NaN,3,0,1,2,0,0,1,0,0,0,0,0,0,0,0,0,0,0,1,55,1,0,2,2,0,10,0,7,1,7,2,0,0,0,61,0,0
F:\Project\qmood-logback-llm-analysis\versions\logback\logback-classic\src\main\java\ch\qos\logback\classic\Level.java,ch.qos.logback.classic.Level,class,2,34,32,2,48,1,0,8,7,0.8125,0.21212122,0.42424244,14,8,12,2,0,0,12,0,0,0,24,22,23,1,0,0,24,0,5,163,38,0,2,0,0,20,6,31,3,27,1,0,0,0,155,17,0
F:\Project\qmood-logback-llm-analysis\versions\logback\logback-classic\src\main\java\ch\qos\logback\classic\selector\servlet\ContextDetachingSCL.java,ch.qos.logback.classic.selector.servlet.ContextDetachingSCL,class,6,6,0,6,6,1,0,10,1,0.0,0.0,0.0,2,0,2,0,0,0,2,0,0,0,0,0,0,0,0,0,0,0,1,31,1,0,3,1,0,5,0,6,3,5,2,0,0,0,29,1,1
F:\Project\qmood-logback-llm-analysis\versions\logback\logback-classic\src\main\java\ch\qos\logback\classic\helpers\WithLayoutListAppender.java,ch.qos.logback.classic.helpers.WithLayoutListAppender,class,3,3,0,3,6,2,0,7,0,0.5,0.6666667,1.0,4,0,3,0,1,0,4,0,0,0,3,0,1,0,0,2,0,0,0,26,2,0,1,0,0,1,0,4,0,4,1,0,0,0,24,1,0
F:\Project\qmood-logback-llm-analysis\versions\logback\logback-classic\src\main\java\ch\qos\logback\classic\model\processor\RootLoggerModelHandler.java,ch.qos.logback.classic.model.processor.RootLoggerModelHandler,class,9,10,1,9,8,2,0,11,8,0.6,0.1,0.1,5,1,4,0,1,0,5,0,0,0,2,0,0,0,0,2,0,0,1,38,3,0,1,0,0,3,0,8,2,7,1,0,0,0,44,1,0
F:\Project\qmood-logback-llm-analysis\versions\logback\logback-classic\src\main\java\ch\qos\logback\classic\turbo\DuplicateMessageFilter.java,ch.qos.logback.classic.turbo.DuplicateMessageFilter,class,6,6,0,6,8,3,0,4,3,0.7428571,0.42857143,1.0,7,0,7,0,0,0,7,0,0,0,5,2,4,1,0,0,2,0,0,37,4,0,0,0,0,0,2,9,0,6,1,0,0,0,55,1,0
F:\Project\qmood-logback-llm-analysis\versions\logback\logback-classic\src\main\java\ch\qos\logback\classic\joran\action\PropertiesConfiguratorAction.java,ch.qos.logback.classic.joran.action.PropertiesConfiguratorAction,class,2,2,0,2,1,2,0,0,0,0.0,NaN,NaN,1,0,0,0,1,0,1,0,0,0,0,0,0,0,0,0,0,0,0,5,1,0,0,0,0,0,0,0,0,0,0,0,0,0,18,1,0
F:\Project\qmood-logback-llm-analysis\versions\logback\logback-classic\src\main\java\ch\qos\logback\classic\pattern\NamedConverter.java,ch.qos.logback.classic.pattern.NamedConverter$CacheMissCalculator,innerclass,0,0,0,0,3,1,0,0,0,0.0,1.0,1.0,2,0,0,0,0,2,2,0,0,0,2,0,0,0,0,2,0,0,0,16,2,0,0,0,1,0,3,6,4,4,1,0,0,0,26,0,0
F:\Project\qmood-logback-llm-analysis\versions\logback\logback-classic\src\main\java\ch\qos\logback\classic\BasicConfigurator.java,ch.qos.logback.classic.BasicConfigurator,class,9,9,0,9,2,2,0,9,1,0.0,0.0,0.0,2,0,2,0,0,0,2,0,0,0,0,0,0,0,0,0,0,0,0,21,1,0,0,0,0,2,0,4,0,4,0,0,0,0,39,1,0
F:\Project\qmood-logback-llm-analysis\versions\logback\logback-classic\src\main\java\ch\qos\logback\classic\pattern\TargetLengthBasedClassNameAbbreviator2.java,ch.qos.logback.classic.pattern.TargetLengthBasedClassNameAbbreviator2,class,3,4,1,3,19,1,0,10,4,0.4,0.3,0.3,5,2,2,0,0,3,5,0,0,0,1,0,0,0,0,1,1,0,1,78,4,4,6,0,3,2,23,22,13,16,2,0,0,0,64,1,0
